id_agent,nom,prenom,mail,dateNaiss
1,Howard,Shadwick,Howard@Shadwick.qdn,1959-10-2
2,Sylvia,Walker,Sylvia@Walker.yty,1978-9-7
3,Joseph,Lehman,Joseph@Lehman.quu,1967-4-24
4,Jimmy,Ramirez,Jimmy@Ramirez.fzl,1958-5-28
5,Mae,Millard,Mae@Millard.gfl,1983-11-3
6,Casey,Vankirk,Casey@Vankirk.trw,1958-8-3
7,Ann,Roekle,Ann@Roekle.qkd,1988-9-3
8,Louise,Lopez,Louise@Lopez.nvp,1966-5-19
9,Billy,Gregory,Billy@Gregory.epf,1956-5-27
10,Maria,Mullins,Maria@Mullins.zgj,1981-6-3
11,Joel,Metevier,Joel@Metevier.ciy,1972-8-13
12,Lois,Hibbard,Lois@Hibbard.ofl,1988-7-10
13,Everett,Valerio,Everett@Valerio.dgr,1968-7-21
14,Matthew,Mccage,Matthew@Mccage.swc,1968-3-17
15,Ruth,Kenney,Ruth@Kenney.kei,1968-3-27
16,Mary,Adams,Mary@Adams.kow,1986-12-9
17,Rachel,Seth,Rachel@Seth.ggn,1989-7-10
18,Ben,Gamble,Ben@Gamble.sht,1962-8-11
19,Margarita,Swaine,Margarita@Swaine.ecv,1987-6-25
20,Carl,Mack,Carl@Mack.cjz,1958-4-8
21,Shelly,Robey,Shelly@Robey.jop,1985-5-8
22,Jane,Lamp,Jane@Lamp.qpg,1971-9-28
23,Robert,Hernandez,Robert@Hernandez.sxe,1964-12-3
24,Regina,Schmalz,Regina@Schmalz.cdf,1979-12-13
25,Susie,Harmon,Susie@Harmon.dfa,1953-2-3
26,William,Alonso,William@Alonso.jui,1960-3-26
27,Douglas,Sturm,Douglas@Sturm.zbf,1978-3-23
28,Kori,Nquyen,Kori@Nquyen.lsv,1964-9-14
29,Isaac,Jenkins,Isaac@Jenkins.feb,1976-2-17
30,Virgina,King,Virgina@King.baj,1951-9-7
31,Billie,Conner,Billie@Conner.kcb,1989-11-13
32,Amber,Richards,Amber@Richards.dii,1976-11-11
33,Janet,Randall,Janet@Randall.tcm,1977-9-7
34,Leon,Lawson,Leon@Lawson.jex,1970-6-9
35,Barbara,Park,Barbara@Park.lvk,1952-6-23
36,Jordan,Miller,Jordan@Miller.iib,1954-11-9
37,Edna,Shea,Edna@Shea.pzs,1987-5-23
38,Kathryn,Crowden,Kathryn@Crowden.tin,1977-1-27
39,Xavier,Keiser,Xavier@Keiser.yfk,1982-1-2
40,William,Sena,William@Sena.lby,1990-2-26
41,Valarie,Clennon,Valarie@Clennon.tqi,1954-3-19
42,Donald,Johnson,Donald@Johnson.ojb,1960-7-28
43,Catherine,Daniels,Catherine@Daniels.dmq,1950-11-16
44,Elmer,Ratzlaff,Elmer@Ratzlaff.ftz,1987-12-25
45,Wanda,Helstrom,Wanda@Helstrom.uwo,1952-6-28
46,Velia,Ceballos,Velia@Ceballos.oxq,1983-6-3
47,Gina,Dolan,Gina@Dolan.sxn,1969-9-3
48,Donna,Manalili,Donna@Manalili.wgn,1954-1-21
49,Lorenza,Kessinger,Lorenza@Kessinger.mti,1976-12-14
50,Betty,Wade,Betty@Wade.lfk,1953-2-14
51,Jerry,Haynes,Jerry@Haynes.cyf,1962-9-22
52,Elizabeth,Lockhart,Elizabeth@Lockhart.xbr,1964-2-25
53,Mandy,Pauling,Mandy@Pauling.hxm,1988-3-8
54,Richard,Fowler,Richard@Fowler.rtx,1985-5-8
55,Earl,Washington,Earl@Washington.udu,1959-10-3
56,Maria,Connor,Maria@Connor.bwh,1960-8-17
57,Jennifer,Kramer,Jennifer@Kramer.dyq,1952-4-23
58,Jerry,Hernandez,Jerry@Hernandez.mwj,1966-2-23
59,Junior,Phillips,Junior@Phillips.wye,1985-4-9
60,Lara,Hileman,Lara@Hileman.fxp,1967-10-23
61,Tammy,Tam,Tammy@Tam.ffy,1952-1-18
62,Alvin,Santiago,Alvin@Santiago.sop,1974-6-24
63,Stephanie,Grimes,Stephanie@Grimes.may,1974-5-19
64,Mary,Kowald,Mary@Kowald.sew,1963-5-22
65,Justine,Nolan,Justine@Nolan.ogm,1959-12-22
66,Junior,Wallace,Junior@Wallace.ctr,1986-10-24
67,Nichole,Tea,Nichole@Tea.lef,1990-10-21
68,Sherri,Lastrapes,Sherri@Lastrapes.inr,1985-4-3
69,Alvin,Banks,Alvin@Banks.nxf,1962-6-21
70,David,Erb,David@Erb.bul,1988-2-3
71,Pam,Raymond,Pam@Raymond.ahx,1988-10-25
72,Helen,Shanahan,Helen@Shanahan.idv,1962-7-7
73,Jennifer,Moore,Jennifer@Moore.bty,1961-7-5
74,Timothy,Laing,Timothy@Laing.rno,1988-5-8
75,Edwina,Klebanow,Edwina@Klebanow.twd,1988-4-16
76,Francisco,Larkin,Francisco@Larkin.reg,1987-8-10
77,Betty,Pitts,Betty@Pitts.svw,1964-2-9
78,Eric,Atwood,Eric@Atwood.ohd,1974-11-9
79,Charles,Shaw,Charles@Shaw.bgo,1962-4-18
80,Jana,Cusack,Jana@Cusack.tyf,1983-6-25
81,Rosa,Harrison,Rosa@Harrison.nej,1975-11-3
82,Daniel,Brundage,Daniel@Brundage.qul,1986-7-7
83,Marcy,Stovall,Marcy@Stovall.aeq,1974-4-26
84,Samuel,Thomson,Samuel@Thomson.sob,1989-10-1
85,James,Barner,James@Barner.das,1959-2-13
86,Nancy,Vargas,Nancy@Vargas.cnm,1971-2-12
87,Hiram,Lynch,Hiram@Lynch.nuu,1983-5-7
88,Francis,Bergman,Francis@Bergman.cgr,1983-7-23
89,Karen,Mccoin,Karen@Mccoin.ayi,1966-11-22
90,Mary,Jones,Mary@Jones.tlj,1968-8-5
91,Charles,Hernandez,Charles@Hernandez.lhf,1988-4-19
92,Lawrence,Akins,Lawrence@Akins.zzp,1961-1-14
93,Lorie,Moller,Lorie@Moller.gfs,1951-5-12
94,Jane,Moore,Jane@Moore.vxu,1969-8-19
95,Verna,Basil,Verna@Basil.ayf,1973-12-6
96,Ray,Montoya,Ray@Montoya.eys,1979-3-15
97,Darrell,Spencer,Darrell@Spencer.cxw,1981-5-25
98,Martin,Yung,Martin@Yung.wqw,1969-3-20
99,Michael,Dombkowski,Michael@Dombkowski.szz,1967-9-12
100,Richard,Wittke,Richard@Wittke.izt,1981-7-6
101,Stephen,Zendejas,Stephen@Zendejas.apv,1966-8-14
102,Joan,Shroyer,Joan@Shroyer.itl,1971-12-25
103,Alyce,Betts,Alyce@Betts.cll,1989-3-9
104,Lowell,Hilley,Lowell@Hilley.ofs,1970-10-28
105,Cindy,Armitage,Cindy@Armitage.npc,1958-12-16
106,Steve,Mcelvaine,Steve@Mcelvaine.cgc,1962-10-9
107,Glenn,Sanders,Glenn@Sanders.vor,1966-8-7
108,Marc,Kuster,Marc@Kuster.dxt,1973-2-28
109,Bessie,Butler,Bessie@Butler.hcw,1973-11-4
110,Ronald,Griffin,Ronald@Griffin.nqj,1966-2-19
111,Hubert,Baker,Hubert@Baker.eqz,1986-2-28
112,Beverly,Ware,Beverly@Ware.zcg,1957-4-18
113,Mohammed,Murdock,Mohammed@Murdock.wjj,1977-12-7
114,Jason,White,Jason@White.vux,1968-3-7
115,Cathy,Smith,Cathy@Smith.axu,1963-10-8
116,Jean,Silverstein,Jean@Silverstein.aep,1972-11-1
117,Sam,Dukes,Sam@Dukes.ncy,1981-5-11
118,Marcel,Lajoie,Marcel@Lajoie.ayi,1987-4-3
119,Anita,Lee,Anita@Lee.xbz,1959-4-26
120,Rachel,Rivera,Rachel@Rivera.zft,1950-10-20
121,Rose,Kaplan,Rose@Kaplan.hrg,1960-10-8
122,Clara,Kron,Clara@Kron.dcn,1964-10-12
123,Margaret,Owens,Margaret@Owens.pbw,1967-9-11
124,Danielle,Tapia,Danielle@Tapia.jkz,1979-6-21
125,Shelly,Lewis,Shelly@Lewis.qmy,1976-2-14
126,Reva,Chidester,Reva@Chidester.hws,1962-8-18
127,Raymond,Alvarez,Raymond@Alvarez.mgz,1954-10-27
128,Cindy,Ardon,Cindy@Ardon.rit,1963-3-12
129,Pamela,Doss,Pamela@Doss.qaa,1956-7-18
130,William,Krizan,William@Krizan.kva,1951-2-26
131,Karen,Burch,Karen@Burch.czp,1985-7-23
132,Marguerite,Odell,Marguerite@Odell.iic,1968-11-3
133,Elijah,Jones,Elijah@Jones.bwv,1952-10-8
134,Angelo,Carter,Angelo@Carter.ooh,1950-11-28
135,Mary,Stull,Mary@Stull.pqz,1985-12-19
136,Peter,Francis,Peter@Francis.dad,1979-5-23
137,Cathy,Valenzuela,Cathy@Valenzuela.xrg,1987-9-21
138,Bessie,West,Bessie@West.dor,1974-1-12
139,Brice,Clifton,Brice@Clifton.wfl,1965-2-12
140,Rebecca,Dulany,Rebecca@Dulany.rkl,1963-1-10
141,Zachary,Gooch,Zachary@Gooch.nhz,1978-11-8
142,Sophie,Grace,Sophie@Grace.xnh,1965-4-9
143,Audrey,Stone,Audrey@Stone.gag,1966-11-6
144,Burton,Renner,Burton@Renner.ufi,1971-1-26
145,Daniel,Anderson,Daniel@Anderson.qjl,1955-9-25
146,Vanessa,Mitchell,Vanessa@Mitchell.yep,1984-1-23
147,Troy,Lockhart,Troy@Lockhart.chz,1950-11-15
148,Kristen,Williamston,Kristen@Williamston.oel,1978-2-12
149,Fred,Akers,Fred@Akers.azj,1963-11-10
150,Matt,Johnson,Matt@Johnson.egu,1957-11-25
151,William,Nunez,William@Nunez.vcg,1971-10-6
152,Randy,Mckie,Randy@Mckie.wdc,1969-10-21
153,Constance,Hill,Constance@Hill.pjl,1979-7-19
154,Natalie,Saechao,Natalie@Saechao.vfh,1963-10-8
155,Sarah,Little,Sarah@Little.bvd,1973-3-22
156,Chad,Stanback,Chad@Stanback.qpx,1969-11-22
157,Sherry,Wilmot,Sherry@Wilmot.wnj,1955-6-22
158,Michael,Mcnorton,Michael@Mcnorton.mmz,1970-9-22
159,Matthew,Jones,Matthew@Jones.qeo,1974-2-1
160,Judy,Gagne,Judy@Gagne.srx,1959-11-6
161,Francis,Martinez,Francis@Martinez.xan,1990-9-22
162,Tiffany,Boatright,Tiffany@Boatright.zge,1982-2-24
163,Michael,Losoya,Michael@Losoya.sli,1957-1-3
164,Patrick,Owens,Patrick@Owens.hwl,1957-4-13
165,William,Thibodeaux,William@Thibodeaux.nth,1984-11-10
166,Joanne,Reiter,Joanne@Reiter.ndg,1957-8-17
167,Kenneth,Reeves,Kenneth@Reeves.bnn,1957-5-24
168,Juanita,Woods,Juanita@Woods.ldp,1969-6-13
169,Betty,Mackey,Betty@Mackey.ode,1950-10-10
170,John,Sommers,John@Sommers.fgt,1985-11-4
171,Patrick,Johnson,Patrick@Johnson.gss,1971-12-14
172,Sanjuanita,Egan,Sanjuanita@Egan.baw,1967-6-15
173,Angela,Gary,Angela@Gary.woa,1953-12-9
174,Clyde,Mackerl,Clyde@Mackerl.zgv,1959-7-5
175,Charles,Thomas,Charles@Thomas.kfx,1959-2-10
176,Kary,Major,Kary@Major.iro,1960-11-2
177,Geneva,Jones,Geneva@Jones.zxr,1987-7-3
178,Robert,Bernard,Robert@Bernard.iml,1982-4-7
179,Diamond,Nelson,Diamond@Nelson.vuh,1951-4-18
180,Clarissa,Wood,Clarissa@Wood.bzn,1989-6-2
181,Claire,Mccoy,Claire@Mccoy.hic,1981-2-5
182,Dina,Triplett,Dina@Triplett.jyf,1978-6-1
183,Dennis,Krug,Dennis@Krug.wpw,1970-10-17
184,Cora,Whitehouse,Cora@Whitehouse.kxr,1966-8-2
185,George,Jenkins,George@Jenkins.axt,1967-5-21
186,Leonard,Hawkins,Leonard@Hawkins.ewi,1972-11-21
187,Annmarie,Taylor,Annmarie@Taylor.dxx,1973-11-27
188,John,Howell,John@Howell.das,1982-3-27
189,Louise,Vlashi,Louise@Vlashi.cyg,1988-6-12
190,Robert,Hansen,Robert@Hansen.ymc,1981-8-17
191,Adam,Contreras,Adam@Contreras.qfp,1955-11-15
192,Julia,Holly,Julia@Holly.iur,1970-11-25
193,Steve,Capizzi,Steve@Capizzi.syn,1956-11-9
194,Harvey,Perrette,Harvey@Perrette.apd,1961-4-21
195,Tomas,Joiner,Tomas@Joiner.stj,1980-4-4
196,Thelma,Machen,Thelma@Machen.sze,1963-6-20
197,Charles,Lopez,Charles@Lopez.bky,1973-1-22
198,Maria,Mills,Maria@Mills.vzl,1988-8-5
199,Bradley,Lindsley,Bradley@Lindsley.wwn,1958-2-1
