id_producteur,nom,prenom,mail,dateNaiss
1,Jacqueline,Pluemer,Jacqueline@Pluemer.vnn,1987-5-15
2,Anna,Pickett,Anna@Pickett.iko,1952-11-10
3,Teri,Slusser,Teri@Slusser.mtt,1953-11-1
4,Amanda,Beeson,Amanda@Beeson.rwy,1956-7-3
5,Ted,Freeman,Ted@Freeman.bpm,1974-1-7
6,Anne,Davis,Anne@Davis.vjt,1977-11-23
7,Kathryn,Rippel,Kathryn@Rippel.hyp,1977-10-27
8,Steven,Gibbons,Steven@Gibbons.oev,1982-7-21
9,Ruth,Calhoun,Ruth@Calhoun.ppx,1990-1-22
10,Steven,Davis,Steven@Davis.jyu,1961-4-19
11,Judy,Wheatley,Judy@Wheatley.bta,1970-1-22
12,Alice,Mena,Alice@Mena.gge,1955-5-25
13,Dawn,Williamson,Dawn@Williamson.gif,1951-5-12
14,John,Hodge,John@Hodge.mwx,1953-8-22
15,Shannon,Dyess,Shannon@Dyess.cww,1976-4-16
16,Ralph,Schulze,Ralph@Schulze.bvy,1955-9-14
17,Joanna,Aubry,Joanna@Aubry.yjj,1971-7-10
18,Linda,Dickens,Linda@Dickens.oun,1997-6-23
19,Arthur,Adams,Arthur@Adams.yvw,1985-8-28
20,Evangeline,Federico,Evangeline@Federico.kyr,1962-7-2
21,Carl,Simoneau,Carl@Simoneau.oti,1965-3-20
22,Chad,Andrews,Chad@Andrews.wvx,1951-1-17
23,Eva,Johnson,Eva@Johnson.zpm,1965-3-8
24,Robert,Graham,Robert@Graham.hce,1982-1-2
25,Paul,Huffman,Paul@Huffman.xax,1962-9-12
26,Patricia,Sjogren,Patricia@Sjogren.cmk,1986-7-21
27,Stanley,Juarez,Stanley@Juarez.roj,1994-4-21
28,Rebecca,Binkley,Rebecca@Binkley.rbu,1992-1-3
29,Margaret,Singleton,Margaret@Singleton.kqw,1962-10-19
30,Mary,Patterson,Mary@Patterson.hpc,1980-10-11
31,Morgan,Mccraken,Morgan@Mccraken.rtb,1978-5-20
32,Crystal,Martinez,Crystal@Martinez.bdc,1964-9-22
33,Fay,Pegg,Fay@Pegg.pao,1956-8-4
34,Franklin,Hayes,Franklin@Hayes.cvw,1996-4-20
35,Ethel,Leverett,Ethel@Leverett.pwq,1956-1-4
36,Virginia,Johnson,Virginia@Johnson.ihk,1965-8-2
37,John,Poe,John@Poe.yvx,1978-12-20
38,Julie,Larsen,Julie@Larsen.nlm,1986-7-26
39,Leigh,Morris,Leigh@Morris.zap,1954-4-2
40,Melody,Schnarr,Melody@Schnarr.qed,1982-7-20
41,Carmella,Arias,Carmella@Arias.gqw,1984-6-14
42,Jimmy,Naquin,Jimmy@Naquin.ith,1965-4-25
43,Chris,Worley,Chris@Worley.ivr,1993-3-21
44,Rosario,Brandt,Rosario@Brandt.ncy,1966-10-10
45,Kelly,Harper,Kelly@Harper.xar,1998-12-12
46,Elisha,Kelly,Elisha@Kelly.ekm,1956-5-11
47,Sarah,Schwend,Sarah@Schwend.qut,1965-3-27
48,Iona,Riggs,Iona@Riggs.otb,1978-4-25
49,Julie,Loudermilk,Julie@Loudermilk.elz,1975-8-4
50,Geraldine,Ware,Geraldine@Ware.zxf,1997-12-9
51,Deborah,Baxter,Deborah@Baxter.apu,1951-4-8
52,Amiee,Carter,Amiee@Carter.kfd,1984-5-27
53,Jeffrey,Mieszala,Jeffrey@Mieszala.xue,1955-5-9
54,Tracie,Martini,Tracie@Martini.hue,1984-10-9
55,Patricia,Gunderman,Patricia@Gunderman.knz,1970-10-10
56,Jesse,Clark,Jesse@Clark.typ,1973-1-9
57,Edward,Wood,Edward@Wood.bih,1997-7-2
58,Lisa,Ehrgott,Lisa@Ehrgott.jrs,1986-7-8
59,Cassie,Ploss,Cassie@Ploss.ang,1985-11-10
60,Glenn,Jackson,Glenn@Jackson.tqs,1970-7-18
61,Debra,Eaton,Debra@Eaton.xfc,1952-10-27
62,Elizabeth,White,Elizabeth@White.cgb,1965-7-8
63,Jason,Turner,Jason@Turner.vfs,1957-8-1
64,Linda,Cox,Linda@Cox.nbv,1994-5-25
65,Irvin,Maddux,Irvin@Maddux.oze,1992-1-16
66,Harry,Peterson,Harry@Peterson.qtz,1966-10-17
67,John,Koch,John@Koch.pzg,1963-10-21
68,Jacklyn,Davis,Jacklyn@Davis.xvt,1990-11-2
69,Stephenie,Girard,Stephenie@Girard.twe,1956-11-1
70,Mattie,Cooperrider,Mattie@Cooperrider.mfn,1956-5-10
71,Margaret,Thompson,Margaret@Thompson.amc,1970-3-20
72,Dorathy,Hahn,Dorathy@Hahn.coh,1950-9-17
73,John,Lester,John@Lester.znn,1974-1-28
74,Arthur,Russel,Arthur@Russel.eej,1961-6-19
75,Patrick,Banter,Patrick@Banter.bvf,1980-7-5
76,Rosie,Imhof,Rosie@Imhof.zau,1969-3-12
77,Donald,Rogers,Donald@Rogers.xnc,1966-4-2
78,Andrea,Lane,Andrea@Lane.tuc,1972-2-14
79,Vera,Weber,Vera@Weber.gan,1961-8-21
80,Wayne,Sawyer,Wayne@Sawyer.ixz,1957-12-21
81,Ruth,Brown,Ruth@Brown.jte,1991-9-5
82,Michael,Bentley,Michael@Bentley.ing,1951-3-5
83,Melva,Steele,Melva@Steele.hwx,1986-3-18
84,Susan,Moore,Susan@Moore.stl,1968-7-3
85,Frank,Platt,Frank@Platt.hsl,1984-4-2
86,Floyd,Howard,Floyd@Howard.ypz,1976-5-19
87,Norman,Jordan,Norman@Jordan.eew,1979-12-20
88,Daniel,Olson,Daniel@Olson.ixs,1988-3-23
89,Isabel,Grosbier,Isabel@Grosbier.eez,1983-12-25
90,Jose,Krause,Jose@Krause.cnt,1954-7-6
91,Merrill,Funderburk,Merrill@Funderburk.rxs,1968-4-4
92,Naomi,Hart,Naomi@Hart.nda,1967-6-20
93,William,Mcclintock,William@Mcclintock.xwk,1955-11-24
94,John,Nelson,John@Nelson.coa,1994-10-28
95,Amanda,Simmons,Amanda@Simmons.iwl,1988-12-21
96,Gerald,Coutee,Gerald@Coutee.xsi,1960-6-21
97,Myles,Mendoza,Myles@Mendoza.ynm,1953-8-13
98,Michael,Kjelland,Michael@Kjelland.zdg,1995-5-6
99,Emmanuel,Ragin,Emmanuel@Ragin.rlm,1994-4-24
100,Stephanie,Brandon,Stephanie@Brandon.zjo,1984-1-2
101,Mary,Beatty,Mary@Beatty.mgf,1975-3-21
102,Benjamin,Do,Benjamin@Do.enj,1969-9-26
103,Ruby,Tyler,Ruby@Tyler.ona,1996-1-5
104,Iris,Meyers,Iris@Meyers.nxg,1981-5-17
105,Shirley,Dyer,Shirley@Dyer.xxm,1976-2-17
106,Steven,Mellon,Steven@Mellon.nvo,1956-11-7
107,Sammy,Elliott,Sammy@Elliott.wvh,1971-9-22
108,Leonard,Mora,Leonard@Mora.pfa,1987-10-28
109,Jeff,Cornwell,Jeff@Cornwell.irq,1970-6-26
110,Kathy,Sears,Kathy@Sears.ivq,1970-7-8
111,Robert,Malveaux,Robert@Malveaux.pwr,1956-1-25
112,Theresa,Gustason,Theresa@Gustason.eih,1964-1-6
113,Dolores,Kimbrough,Dolores@Kimbrough.dwp,1985-3-13
114,Lara,Nasser,Lara@Nasser.rme,1998-11-7
115,Tina,Donahue,Tina@Donahue.nsy,1986-1-22
116,Sylvia,Schellermann,Sylvia@Schellermann.gkk,1968-5-28
117,Dale,Kramer,Dale@Kramer.hmu,1987-1-15
118,Amanda,Coates,Amanda@Coates.jyh,1955-1-16
119,Kevin,Baca,Kevin@Baca.qpc,1972-4-11
120,Marguerite,White,Marguerite@White.aym,1964-8-4
121,Raymond,Vallery,Raymond@Vallery.zqw,1975-10-24
122,Temeka,Fannin,Temeka@Fannin.bbu,1988-9-26
123,Rocky,Laborde,Rocky@Laborde.znb,1980-12-9
124,Anne,Bee,Anne@Bee.ahh,1989-6-2
125,Louis,Baiz,Louis@Baiz.cpu,1981-3-5
126,John,Sosa,John@Sosa.xdq,1979-1-26
127,Jacob,Brawn,Jacob@Brawn.bvi,1986-4-10
128,Bobby,Colella,Bobby@Colella.mdh,1967-2-24
129,Renee,Morgan,Renee@Morgan.oej,1969-1-15
130,Wilfredo,Brantley,Wilfredo@Brantley.cex,1966-10-15
131,Roland,Johnson,Roland@Johnson.twh,1959-10-7
132,Jason,Moore,Jason@Moore.dtp,1976-6-21
133,Clark,Valencia,Clark@Valencia.xam,1965-8-26
134,Wilfred,Farina,Wilfred@Farina.qsj,1980-2-25
135,Frank,Coleman,Frank@Coleman.flz,1983-8-26
136,Minnie,Douglas,Minnie@Douglas.gvf,1975-10-20
137,Teresa,Mirando,Teresa@Mirando.yty,1960-2-1
138,John,Jay,John@Jay.qms,1990-7-9
139,Nicole,Jones,Nicole@Jones.xjy,1958-9-1
140,Kirk,Carter,Kirk@Carter.eef,1998-5-26
141,Arnold,Henson,Arnold@Henson.wbl,1988-2-9
142,Eric,Nicholas,Eric@Nicholas.ufc,1988-6-17
143,Melinda,Angle,Melinda@Angle.fqg,1970-1-23
144,Heath,Wright,Heath@Wright.xry,1975-11-23
145,Carol,Edwards,Carol@Edwards.oqp,1983-5-24
146,Helen,Barragan,Helen@Barragan.slj,1977-9-13
147,Dennis,Franzese,Dennis@Franzese.hjy,1958-12-17
148,Edward,Hall,Edward@Hall.yux,1992-11-24
149,Clarence,Moreland,Clarence@Moreland.xyb,1970-12-13
150,Marcus,Rigby,Marcus@Rigby.wmq,1961-10-14
151,Michelle,Thomas,Michelle@Thomas.rre,1967-9-9
152,Dorothy,Laso,Dorothy@Laso.yld,1972-12-26
153,Robert,Erwin,Robert@Erwin.moq,1985-4-26
154,Nancy,Rodriguez,Nancy@Rodriguez.nbv,1993-6-13
155,Steven,Hubbard,Steven@Hubbard.fgy,1981-7-23
156,Francis,Chase,Francis@Chase.fwh,1988-5-2
157,Chris,Ford,Chris@Ford.cke,1952-7-24
158,Jeff,Love,Jeff@Love.ilu,1990-10-19
159,Teresa,Ramirez,Teresa@Ramirez.onc,1954-2-5
160,Howard,Middleton,Howard@Middleton.dye,1985-3-26
161,Leroy,Marshall,Leroy@Marshall.rkb,1998-12-19
162,Gerard,Janzen,Gerard@Janzen.ihk,1966-12-4
163,Frank,Mccullum,Frank@Mccullum.fkn,1992-2-25
164,David,Millan,David@Millan.ork,1964-8-4
165,Dolores,Morales,Dolores@Morales.yir,1952-11-28
166,Cari,Savage,Cari@Savage.upi,1984-8-6
167,Leonard,Robinson,Leonard@Robinson.hrf,1976-8-21
168,Jamie,Parent,Jamie@Parent.npl,1950-3-15
169,Billie,Canela,Billie@Canela.hac,1995-9-18
170,Marvin,Cribbin,Marvin@Cribbin.tqa,1966-11-23
171,Maryjane,Fisher,Maryjane@Fisher.pmt,1992-6-17
172,Paul,Coots,Paul@Coots.oou,1999-3-13
173,Mirna,Powell,Mirna@Powell.eem,1969-6-20
174,Peggie,Rodriguez,Peggie@Rodriguez.zqu,1984-11-27
175,Nubia,Phillips,Nubia@Phillips.gpp,1960-12-28
176,Christopher,Robinson,Christopher@Robinson.rvp,1957-12-13
177,Kelly,Sansburn,Kelly@Sansburn.zgb,1973-11-1
178,Kelly,Dempsey,Kelly@Dempsey.kca,1996-9-28
179,Timothy,Hays,Timothy@Hays.rms,1984-6-4
180,Andrea,Miller,Andrea@Miller.syd,1956-1-21
181,Randolph,Hamilton,Randolph@Hamilton.mme,1985-1-9
182,Gail,Dockery,Gail@Dockery.ysp,1984-1-14
183,Ana,Hall,Ana@Hall.wyq,1967-12-16
184,Douglas,Dalton,Douglas@Dalton.kpr,1969-2-11
185,Shirley,Flynn,Shirley@Flynn.ajb,1952-1-22
186,Margaret,Shepherd,Margaret@Shepherd.qvt,1996-9-6
187,Kathy,Everts,Kathy@Everts.jai,1957-4-22
188,Jeffrey,Lowe,Jeffrey@Lowe.vkg,1992-10-11
189,Danny,Ortiz,Danny@Ortiz.bzc,1955-10-21
190,Randy,Miller,Randy@Miller.oar,1989-10-22
191,Patrice,Sherrill,Patrice@Sherrill.rmd,1998-7-12
192,Joseph,Vauters,Joseph@Vauters.vms,1951-6-18
193,Anthony,Rogers,Anthony@Rogers.lnv,1959-12-18
194,Susan,Parker,Susan@Parker.aiq,1953-5-27
195,Katy,Enriquez,Katy@Enriquez.dme,1954-7-20
196,Bud,Boysen,Bud@Boysen.yvp,1967-4-16
197,Roseann,Morse,Roseann@Morse.axq,1987-3-6
198,Kimberly,Scott,Kimberly@Scott.phe,1979-8-13
199,Donald,Trapp,Donald@Trapp.svq,1965-5-8
